USE `freelancer`;

INSERT INTO `roles` (`role_id`, `name`) VALUES (1, 'Admin');
INSERT INTO `roles` (`role_id`, `name`) VALUES (2, 'Pracownik');
INSERT INTO `roles` (`role_id`, `name`) VALUES (3, 'Użytkownik');

INSERT INTO `statuses` (`status_id`, `name`) VALUES (1, 'Utworzony');
INSERT INTO `statuses` (`status_id`, `name`) VALUES (2, 'Rozpoczęty');
INSERT INTO `statuses` (`status_id`, `name`) VALUES (3, 'Zakończony');

INSERT INTO `categories` (`name`, `icon`) VALUES ('IT & Software', 'computer');
INSERT INTO `categories` (`name`, `icon`) VALUES ('Mobile Software', 'mobile');
INSERT INTO `categories` (`name`, `icon`) VALUES ('Grafika', 'graphic');
INSERT INTO `categories` (`name`, `icon`) VALUES ('Treść', 'writing');
INSERT INTO `categories` (`name`, `icon`) VALUES ('Dane', 'data');
INSERT INTO `categories` (`name`, `icon`) VALUES ('Handel', 'sales');
INSERT INTO `categories` (`name`, `icon`) VALUES ('Marketing', 'marketing');
INSERT INTO `categories` (`name`, `icon`) VALUES ('Usługi', 'services');

INSERT INTO `skills` (`name`, `category_id`) VALUES ('PHP', 1);
INSERT INTO `skills` (`name`, `category_id`) VALUES ('JavaScript', 1);
INSERT INTO `skills` (`name`, `category_id`) VALUES ('Python', 1);
INSERT INTO `skills` (`name`, `category_id`) VALUES ('MySQL', 1);
INSERT INTO `skills` (`name`, `category_id`) VALUES ('Java', 1);
INSERT INTO `skills` (`name`, `category_id`) VALUES ('C++', 1);
INSERT INTO `skills` (`name`, `category_id`) VALUES ('Linux', 1);
INSERT INTO `skills` (`name`, `category_id`) VALUES ('Android', 2);
INSERT INTO `skills` (`name`, `category_id`) VALUES ('iPhone', 2);
INSERT INTO `skills` (`name`, `category_id`) VALUES ('Kotlin', 2);
INSERT INTO `skills` (`name`, `category_id`) VALUES ('Swift', 2);
INSERT INTO `skills` (`name`, `category_id`) VALUES ('Photoshop', 3);
INSERT INTO `skills` (`name`, `category_id`) VALUES ('CSS', 3);
INSERT INTO `skills` (`name`, `category_id`) VALUES ('Illustrator', 3);
INSERT INTO `skills` (`name`, `category_id`) VALUES ('3D', 3);
INSERT INTO `skills` (`name`, `category_id`) VALUES ('Projektowanie graficzne', 3);
INSERT INTO `skills` (`name`, `category_id`) VALUES ('Projektowanie logo', 3);
INSERT INTO `skills` (`name`, `category_id`) VALUES ('Pisanie artykułów', 4);
INSERT INTO `skills` (`name`, `category_id`) VALUES ('Microsoft Office', 4);
INSERT INTO `skills` (`name`, `category_id`) VALUES ('HTML', 4);
INSERT INTO `skills` (`name`, `category_id`) VALUES ('CSS', 4);
INSERT INTO `skills` (`name`, `category_id`) VALUES ('Prowadzenie bloga', 4);
INSERT INTO `skills` (`name`, `category_id`) VALUES ('Koretka tekstów', 4);
INSERT INTO `skills` (`name`, `category_id`) VALUES ('Tłumaczenie', 4);
INSERT INTO `skills` (`name`, `category_id`) VALUES ('Wprowadzanie danych', 5);
INSERT INTO `skills` (`name`, `category_id`) VALUES ('Przetwarzanie danych', 5);
INSERT INTO `skills` (`name`, `category_id`) VALUES ('Microsoft Excel', 5);
INSERT INTO `skills` (`name`, `category_id`) VALUES ('Księgowość', 5);
INSERT INTO `skills` (`name`, `category_id`) VALUES ('Badania rynku', 6);
INSERT INTO `skills` (`name`, `category_id`) VALUES ('Sprzedaż', 6);
INSERT INTO `skills` (`name`, `category_id`) VALUES ('Reklama', 7);
INSERT INTO `skills` (`name`, `category_id`) VALUES ('Marketing online', 7);
INSERT INTO `skills` (`name`, `category_id`) VALUES ('Remont', 8);
INSERT INTO `skills` (`name`, `category_id`) VALUES ('Sprzątanie', 8);
INSERT INTO `skills` (`name`, `category_id`) VALUES ('Hydrualika', 8);
INSERT INTO `skills` (`name`, `category_id`) VALUES ('Elektryka', 8);
INSERT INTO `skills` (`name`, `category_id`) VALUES ('Ogrodnictwo', 8);
INSERT INTO `skills` (`name`, `category_id`) VALUES ('Budownictwo', 8);

INSERT INTO `users` (`login`, `password`, `email`, `role_id`) VALUES ('admin', '240be518fabd2724ddb6f04eeb1da5967448d7e831c08c8fa822809f74c720a9', 'admin@gmail.pl', 1);
INSERT INTO `users` (`login`, `password`, `email`, `role_id`) VALUES ('mateusz', '240be518fabd2724ddb6f04eeb1da5967448d7e831c08c8fa822809f74c720a9', 'mateusz@gmail.pl', 1);
INSERT INTO `users` (`login`, `password`, `email`, `role_id`) VALUES ('drisom1', '2a7cbe3e646b9f5cf35e91224ffd645a4df4373a2b5fa8c38e2a0d5743f87e4f', 'tsharrem0@cdc.gov', 2);
INSERT INTO `users` (`login`, `password`, `email`, `role_id`) VALUES ('cgear2', 'd1d559f44e8ca1e919753455d0849cc2cc752ce509f77ef5a1a83e3a0229bc92', 'hmoreno1@dion.ne.jp', 2);
INSERT INTO `users` (`login`, `password`, `email`, `role_id`) VALUES ('amulvaney3', '2f23c9f3a885a4eafa816fbdb44b5f7091b84b91fd2ba1fb58340562f63afddc', 'mcestard2@dailymotion.com', 3);
INSERT INTO `users` (`login`, `password`, `email`, `role_id`) VALUES ('cmessiter4', 'fbdc4869dfc14abff25b55435ebb286962983075ae79b9b1fdc767507c107ae4', 'zchadney3@prlog.org', 3);
INSERT INTO `users` (`login`, `password`, `email`, `role_id`) VALUES ('rsabbatier5', '56ec16a967e285cc21b2f2244ef59f0874a64b7c863f6c5b9b43e034272601dc', 'nmatushenko4@nifty.com', 3);
INSERT INTO `users` (`login`, `password`, `email`, `role_id`) VALUES ('swilton6', '65ec9c48b6e0703bacbd09fa24e16cefa461e3f21d6a69b3b20cd80cb4f6b471', 'rdomone5@netscape.com', 3);
INSERT INTO `users` (`login`, `password`, `email`, `role_id`) VALUES ('claskey6', 'a3a25ddd0e98248caee4f22a9634bc6970145a7121d3e1ac792805f9b77ef324', 'hleckie6@themeforest.net', 3);
INSERT INTO `users` (`login`, `password`, `email`, `role_id`) VALUES ('pircea', 'c0e3e8356eb8ebbbc1dad76362423482e656feb13b23b45ecb1f563d0196571c', 'slittlecote7@cbsnews.com', 3);
INSERT INTO `users` (`login`, `password`, `email`, `role_id`) VALUES ('sabelwhite0', '906bd45a448d525f25be69eb4023c0f1ff7b1862849e1027238e9c4234fee815', 'lkarpenya0@state.gov', 3);
INSERT INTO `users` (`login`, `password`, `email`, `role_id`) VALUES ('fshynn1', '15d589eb43830f367a6335c5cca9055f7d3dcf8d2bcbf50e0527d5efc9a15063', 'nharnwell1@purevolume.com', 3);
INSERT INTO `users` (`login`, `password`, `email`, `role_id`) VALUES ('sbotterman2', 'e943d26467c59cc78cc24416684028c2519496357fc30e1e8e5b398579872c9b', 'tgai2@mail.ru', 3);
INSERT INTO `users` (`login`, `password`, `email`, `role_id`) VALUES ('rhaslen3', '1c7424f42d9da9f869b6b6d48360a1254c050e8354244953884adaf195c96345', 'eadie3@alibaba.com', 3);
INSERT INTO `users` (`login`, `password`, `email`, `role_id`) VALUES ('dmacmychem4', '8233af5bd2313233e222fa4ea57090f1ae1d59625f420de28beaae6427e7c448', 'tpyrah4@google.es', 3);
INSERT INTO `users` (`login`, `password`, `email`, `role_id`) VALUES ('komara5', 'ad6cae9c775b6a793a63aa1f246b891603487e6a0e626a720181d0b0cc19a220', 'ashoosmith5@accuweather.com', 3);
INSERT INTO `users` (`login`, `password`, `email`, `role_id`) VALUES ('sdahlborg6', 'd4e869631abfbd1d737f48da0358c51f62f1c2025de13d0796985e7e59184448', 'yruseworth6@java.com', 3);
INSERT INTO `users` (`login`, `password`, `email`, `role_id`) VALUES ('smatteuzzi7', '3d91a37aaa4874afd999d73bc63c897c8559632018fe739c42ea6885c5cde3ea', 'ccraigg7@skyrock.com', 3);
INSERT INTO `users` (`login`, `password`, `email`, `role_id`) VALUES ('fwainman8', 'e6b0a0f551c800df8735be066a452bab08cddb9c8734a332e3606ee87825ac9f', 'smckinstry8@mysql.com', 3);
INSERT INTO `users` (`login`, `password`, `email`, `role_id`) VALUES ('acockhill9', '316dc4ea3e4cc69daf61dd1354dbf53b6bc70b13968f76784019ee93c42aeab9', 'akynder9@reddit.com', 3);

INSERT INTO `projects` (`category_id`, `title`, `description`, `price`, `status_id`, `author_id`) VALUES ('1', 'Lorem ipsum dolor sit amet', 'Lorem ipsum dolor sit amet, consectetur adipiscing elit. Morbi non feugiat mauris, quis fermentum orci. Cras in dapibus augue, sed scelerisque purus. Vivamus nec blandit urna. Phasellus faucibus lacinia libero, vitae dictum mi lacinia eu. Pellentesque quis arcu mi. Quisque tincidunt arcu at elit suscipit, vitae vulputate justo fermentum. In porta sed diam eget vulputate. Maecenas in sodales ante. Morbi nunc quam, molestie vel massa sed, iaculis pharetra erat.', 5000, 1, 1);
INSERT INTO `projects` (`category_id`, `title`, `description`, `price`, `status_id`, `author_id`) VALUES ('2', 'Lorem ipsum dolor sit amet', 'Lorem ipsum dolor sit amet, consectetur adipiscing elit. Morbi non feugiat mauris, quis fermentum orci. Cras in dapibus augue, sed scelerisque purus. Vivamus nec blandit urna. Phasellus faucibus lacinia libero, vitae dictum mi lacinia eu. Pellentesque quis arcu mi. Quisque tincidunt arcu at elit suscipit, vitae vulputate justo fermentum. In porta sed diam eget vulputate. Maecenas in sodales ante. Morbi nunc quam, molestie vel massa sed, iaculis pharetra erat.', 4000, 1, 1);
INSERT INTO `projects` (`category_id`, `title`, `description`, `price`, `status_id`, `author_id`) VALUES ('3', 'Lorem ipsum dolor sit amet', 'Lorem ipsum dolor sit amet, consectetur adipiscing elit. Morbi non feugiat mauris, quis fermentum orci. Cras in dapibus augue, sed scelerisque purus. Vivamus nec blandit urna. Phasellus faucibus lacinia libero, vitae dictum mi lacinia eu. Pellentesque quis arcu mi. Quisque tincidunt arcu at elit suscipit, vitae vulputate justo fermentum. In porta sed diam eget vulputate. Maecenas in sodales ante. Morbi nunc quam, molestie vel massa sed, iaculis pharetra erat.', 50000, 1, 1);
INSERT INTO `projects` (`category_id`, `title`, `description`, `price`, `status_id`, `author_id`) VALUES ('1', 'Lorem ipsum dolor sit amet', 'Lorem ipsum dolor sit amet, consectetur adipiscing elit. Morbi non feugiat mauris, quis fermentum orci. Cras in dapibus augue, sed scelerisque purus. Vivamus nec blandit urna. Phasellus faucibus lacinia libero, vitae dictum mi lacinia eu. Pellentesque quis arcu mi. Quisque tincidunt arcu at elit suscipit, vitae vulputate justo fermentum. In porta sed diam eget vulputate. Maecenas in sodales ante. Morbi nunc quam, molestie vel massa sed, iaculis pharetra erat.', 8000, 1, 2);
INSERT INTO `projects` (`category_id`, `title`, `description`, `price`, `status_id`, `author_id`) VALUES ('2', 'Lorem ipsum dolor sit amet', 'Lorem ipsum dolor sit amet, consectetur adipiscing elit. Morbi non feugiat mauris, quis fermentum orci. Cras in dapibus augue, sed scelerisque purus. Vivamus nec blandit urna. Phasellus faucibus lacinia libero, vitae dictum mi lacinia eu. Pellentesque quis arcu mi. Quisque tincidunt arcu at elit suscipit, vitae vulputate justo fermentum. In porta sed diam eget vulputate. Maecenas in sodales ante. Morbi nunc quam, molestie vel massa sed, iaculis pharetra erat.', 3000, 1, 2);
INSERT INTO `projects` (`category_id`, `title`, `description`, `price`, `status_id`, `author_id`) VALUES ('3', 'Lorem ipsum dolor sit amet', 'Lorem ipsum dolor sit amet, consectetur adipiscing elit. Morbi non feugiat mauris, quis fermentum orci. Cras in dapibus augue, sed scelerisque purus. Vivamus nec blandit urna. Phasellus faucibus lacinia libero, vitae dictum mi lacinia eu. Pellentesque quis arcu mi. Quisque tincidunt arcu at elit suscipit, vitae vulputate justo fermentum. In porta sed diam eget vulputate. Maecenas in sodales ante. Morbi nunc quam, molestie vel massa sed, iaculis pharetra erat.', 2500, 1, 2);
INSERT INTO `projects` (`category_id`, `title`, `description`, `price`, `status_id`, `author_id`) VALUES ('1', 'Lorem ipsum dolor sit amet', 'Lorem ipsum dolor sit amet, consectetur adipiscing elit. Morbi non feugiat mauris, quis fermentum orci. Cras in dapibus augue, sed scelerisque purus. Vivamus nec blandit urna. Phasellus faucibus lacinia libero, vitae dictum mi lacinia eu. Pellentesque quis arcu mi. Quisque tincidunt arcu at elit suscipit, vitae vulputate justo fermentum. In porta sed diam eget vulputate. Maecenas in sodales ante. Morbi nunc quam, molestie vel massa sed, iaculis pharetra erat.', 1000, 1, 3);
INSERT INTO `projects` (`category_id`, `title`, `description`, `price`, `status_id`, `author_id`) VALUES ('2', 'Lorem ipsum dolor sit amet', 'Lorem ipsum dolor sit amet, consectetur adipiscing elit. Morbi non feugiat mauris, quis fermentum orci. Cras in dapibus augue, sed scelerisque purus. Vivamus nec blandit urna. Phasellus faucibus lacinia libero, vitae dictum mi lacinia eu. Pellentesque quis arcu mi. Quisque tincidunt arcu at elit suscipit, vitae vulputate justo fermentum. In porta sed diam eget vulputate. Maecenas in sodales ante. Morbi nunc quam, molestie vel massa sed, iaculis pharetra erat.', 1500, 1, 4);
INSERT INTO `projects` (`category_id`, `title`, `description`, `price`, `status_id`, `author_id`) VALUES ('3', 'Lorem ipsum dolor sit amet', 'Lorem ipsum dolor sit amet, consectetur adipiscing elit. Morbi non feugiat mauris, quis fermentum orci. Cras in dapibus augue, sed scelerisque purus. Vivamus nec blandit urna. Phasellus faucibus lacinia libero, vitae dictum mi lacinia eu. Pellentesque quis arcu mi. Quisque tincidunt arcu at elit suscipit, vitae vulputate justo fermentum. In porta sed diam eget vulputate. Maecenas in sodales ante. Morbi nunc quam, molestie vel massa sed, iaculis pharetra erat.', 700, 1, 5);
INSERT INTO `projects` (`category_id`, `title`, `description`, `price`, `status_id`, `author_id`) VALUES ('4', 'Lorem ipsum dolor sit amet', 'Lorem ipsum dolor sit amet, consectetur adipiscing elit. Morbi non feugiat mauris, quis fermentum orci. Cras in dapibus augue, sed scelerisque purus. Vivamus nec blandit urna. Phasellus faucibus lacinia libero, vitae dictum mi lacinia eu. Pellentesque quis arcu mi. Quisque tincidunt arcu at elit suscipit, vitae vulputate justo fermentum. In porta sed diam eget vulputate. Maecenas in sodales ante. Morbi nunc quam, molestie vel massa sed, iaculis pharetra erat.', 2000, 1, 6);
INSERT INTO `projects` (`category_id`, `title`, `description`, `price`, `status_id`, `author_id`) VALUES ('5', 'Lorem ipsum dolor sit amet', 'Lorem ipsum dolor sit amet, consectetur adipiscing elit. Morbi non feugiat mauris, quis fermentum orci. Cras in dapibus augue, sed scelerisque purus. Vivamus nec blandit urna. Phasellus faucibus lacinia libero, vitae dictum mi lacinia eu. Pellentesque quis arcu mi. Quisque tincidunt arcu at elit suscipit, vitae vulputate justo fermentum. In porta sed diam eget vulputate. Maecenas in sodales ante. Morbi nunc quam, molestie vel massa sed, iaculis pharetra erat.', 1200, 1, 7);
INSERT INTO `projects` (`category_id`, `title`, `description`, `price`, `status_id`, `author_id`) VALUES ('6', 'Lorem ipsum dolor sit amet', 'Lorem ipsum dolor sit amet, consectetur adipiscing elit. Morbi non feugiat mauris, quis fermentum orci. Cras in dapibus augue, sed scelerisque purus. Vivamus nec blandit urna. Phasellus faucibus lacinia libero, vitae dictum mi lacinia eu. Pellentesque quis arcu mi. Quisque tincidunt arcu at elit suscipit, vitae vulputate justo fermentum. In porta sed diam eget vulputate. Maecenas in sodales ante. Morbi nunc quam, molestie vel massa sed, iaculis pharetra erat.', 500, 1, 8);
INSERT INTO `projects` (`category_id`, `title`, `description`, `price`, `status_id`, `author_id`) VALUES ('7', 'Lorem ipsum dolor sit amet', 'Lorem ipsum dolor sit amet, consectetur adipiscing elit. Morbi non feugiat mauris, quis fermentum orci. Cras in dapibus augue, sed scelerisque purus. Vivamus nec blandit urna. Phasellus faucibus lacinia libero, vitae dictum mi lacinia eu. Pellentesque quis arcu mi. Quisque tincidunt arcu at elit suscipit, vitae vulputate justo fermentum. In porta sed diam eget vulputate. Maecenas in sodales ante. Morbi nunc quam, molestie vel massa sed, iaculis pharetra erat.', 3000, 1, 9);
INSERT INTO `projects` (`category_id`, `title`, `description`, `price`, `status_id`, `author_id`) VALUES ('8', 'Lorem ipsum dolor sit amet', 'Lorem ipsum dolor sit amet, consectetur adipiscing elit. Morbi non feugiat mauris, quis fermentum orci. Cras in dapibus augue, sed scelerisque purus. Vivamus nec blandit urna. Phasellus faucibus lacinia libero, vitae dictum mi lacinia eu. Pellentesque quis arcu mi. Quisque tincidunt arcu at elit suscipit, vitae vulputate justo fermentum. In porta sed diam eget vulputate. Maecenas in sodales ante. Morbi nunc quam, molestie vel massa sed, iaculis pharetra erat.', 2300, 1, 10);
INSERT INTO `projects` (`category_id`, `title`, `description`, `price`, `status_id`, `author_id`) VALUES ('8', 'Lorem ipsum dolor sit amet', 'Lorem ipsum dolor sit amet, consectetur adipiscing elit. Morbi non feugiat mauris, quis fermentum orci. Cras in dapibus augue, sed scelerisque purus. Vivamus nec blandit urna. Phasellus faucibus lacinia libero, vitae dictum mi lacinia eu. Pellentesque quis arcu mi. Quisque tincidunt arcu at elit suscipit, vitae vulputate justo fermentum. In porta sed diam eget vulputate. Maecenas in sodales ante. Morbi nunc quam, molestie vel massa sed, iaculis pharetra erat.', 1600, 1, 11);
INSERT INTO `projects` (`category_id`, `title`, `description`, `price`, `status_id`, `author_id`) VALUES ('1', 'Lorem ipsum dolor sit amet', 'Lorem ipsum dolor sit amet, consectetur adipiscing elit. Morbi non feugiat mauris, quis fermentum orci. Cras in dapibus augue, sed scelerisque purus. Vivamus nec blandit urna. Phasellus faucibus lacinia libero, vitae dictum mi lacinia eu. Pellentesque quis arcu mi. Quisque tincidunt arcu at elit suscipit, vitae vulputate justo fermentum. In porta sed diam eget vulputate. Maecenas in sodales ante. Morbi nunc quam, molestie vel massa sed, iaculis pharetra erat.', 3500, 1, 12);
INSERT INTO `projects` (`category_id`, `title`, `description`, `price`, `status_id`, `author_id`) VALUES ('2', 'Lorem ipsum dolor sit amet', 'Lorem ipsum dolor sit amet, consectetur adipiscing elit. Morbi non feugiat mauris, quis fermentum orci. Cras in dapibus augue, sed scelerisque purus. Vivamus nec blandit urna. Phasellus faucibus lacinia libero, vitae dictum mi lacinia eu. Pellentesque quis arcu mi. Quisque tincidunt arcu at elit suscipit, vitae vulputate justo fermentum. In porta sed diam eget vulputate. Maecenas in sodales ante. Morbi nunc quam, molestie vel massa sed, iaculis pharetra erat.', 2000, 1, 13);

INSERT INTO `project_skills`(project_id, skill_id) VALUES (1, 1);
INSERT INTO `project_skills`(project_id, skill_id) VALUES (1, 2);
INSERT INTO `project_skills`(project_id, skill_id) VALUES (1, 3);
INSERT INTO `project_skills`(project_id, skill_id) VALUES (2, 8);
INSERT INTO `project_skills`(project_id, skill_id) VALUES (2, 9);
INSERT INTO `project_skills`(project_id, skill_id) VALUES (2, 10);
INSERT INTO `project_skills`(project_id, skill_id) VALUES (3, 12);
INSERT INTO `project_skills`(project_id, skill_id) VALUES (3, 13);
INSERT INTO `project_skills`(project_id, skill_id) VALUES (3, 14);
INSERT INTO `project_skills`(project_id, skill_id) VALUES (4, 4);
INSERT INTO `project_skills`(project_id, skill_id) VALUES (4, 5);
INSERT INTO `project_skills`(project_id, skill_id) VALUES (4, 6);
INSERT INTO `project_skills`(project_id, skill_id) VALUES (5, 9);
INSERT INTO `project_skills`(project_id, skill_id) VALUES (5, 10);
INSERT INTO `project_skills`(project_id, skill_id) VALUES (5, 11);
INSERT INTO `project_skills`(project_id, skill_id) VALUES (6, 15);
INSERT INTO `project_skills`(project_id, skill_id) VALUES (6, 16);
INSERT INTO `project_skills`(project_id, skill_id) VALUES (6, 17);
INSERT INTO `project_skills`(project_id, skill_id) VALUES (7, 5);
INSERT INTO `project_skills`(project_id, skill_id) VALUES (7, 6);
INSERT INTO `project_skills`(project_id, skill_id) VALUES (7, 7);
INSERT INTO `project_skills`(project_id, skill_id) VALUES (8, 8);
INSERT INTO `project_skills`(project_id, skill_id) VALUES (8, 9);
INSERT INTO `project_skills`(project_id, skill_id) VALUES (8, 10);
INSERT INTO `project_skills`(project_id, skill_id) VALUES (9, 14);
INSERT INTO `project_skills`(project_id, skill_id) VALUES (9, 15);
INSERT INTO `project_skills`(project_id, skill_id) VALUES (9, 16);
INSERT INTO `project_skills`(project_id, skill_id) VALUES (10, 18);
INSERT INTO `project_skills`(project_id, skill_id) VALUES (10, 19);
INSERT INTO `project_skills`(project_id, skill_id) VALUES (10, 20);
INSERT INTO `project_skills`(project_id, skill_id) VALUES (11, 25);
INSERT INTO `project_skills`(project_id, skill_id) VALUES (11, 26);
INSERT INTO `project_skills`(project_id, skill_id) VALUES (11, 27);
INSERT INTO `project_skills`(project_id, skill_id) VALUES (12, 29);
INSERT INTO `project_skills`(project_id, skill_id) VALUES (12, 30);
INSERT INTO `project_skills`(project_id, skill_id) VALUES (13, 31);
INSERT INTO `project_skills`(project_id, skill_id) VALUES (13, 32);
INSERT INTO `project_skills`(project_id, skill_id) VALUES (14, 33);
INSERT INTO `project_skills`(project_id, skill_id) VALUES (14, 34);
INSERT INTO `project_skills`(project_id, skill_id) VALUES (14, 35);
INSERT INTO `project_skills`(project_id, skill_id) VALUES (15, 36);
INSERT INTO `project_skills`(project_id, skill_id) VALUES (15, 37);
INSERT INTO `project_skills`(project_id, skill_id) VALUES (15, 38);
INSERT INTO `project_skills`(project_id, skill_id) VALUES (16, 2);
INSERT INTO `project_skills`(project_id, skill_id) VALUES (16, 3);
INSERT INTO `project_skills`(project_id, skill_id) VALUES (16, 4);
INSERT INTO `project_skills`(project_id, skill_id) VALUES (17, 8);
INSERT INTO `project_skills`(project_id, skill_id) VALUES (17, 9);
INSERT INTO `project_skills`(project_id, skill_id) VALUES (17, 10);

INSERT INTO `offers` (`category_id`, `message`, `estimated_time`, `price`, `project_id`, `user_id`) VALUES (1, 'Lorem ipsum dolor sit amet, consectetur adipiscing elit. Morbi non feugiat mauris, quis fermentum orci. Cras in dapibus augue, sed scelerisque purus. Vivamus nec blandit urna. Phasellus faucibus lacinia libero, vitae dictum mi lacinia eu.', 7, 1200, 1, 2);
INSERT INTO `offers` (`category_id`, `message`, `estimated_time`, `price`, `project_id`, `user_id`) VALUES (2, 'Lorem ipsum dolor sit amet, consectetur adipiscing elit. Morbi non feugiat mauris, quis fermentum orci. Cras in dapibus augue, sed scelerisque purus. Vivamus nec blandit urna. Phasellus faucibus lacinia libero, vitae dictum mi lacinia eu.', 8, 900, 2, 2);
INSERT INTO `offers` (`category_id`, `message`, `estimated_time`, `price`, `project_id`, `user_id`) VALUES (3, 'Lorem ipsum dolor sit amet, consectetur adipiscing elit. Morbi non feugiat mauris, quis fermentum orci. Cras in dapibus augue, sed scelerisque purus. Vivamus nec blandit urna. Phasellus faucibus lacinia libero, vitae dictum mi lacinia eu.', 12, 5555, 3, 2);
INSERT INTO `offers` (`category_id`, `message`, `estimated_time`, `price`, `project_id`, `user_id`) VALUES (1, 'Lorem ipsum dolor sit amet, consectetur adipiscing elit. Morbi non feugiat mauris, quis fermentum orci. Cras in dapibus augue, sed scelerisque purus. Vivamus nec blandit urna. Phasellus faucibus lacinia libero, vitae dictum mi lacinia eu.', 8, 1130, 4, 1);
INSERT INTO `offers` (`category_id`, `message`, `estimated_time`, `price`, `project_id`, `user_id`) VALUES (2, 'Lorem ipsum dolor sit amet, consectetur adipiscing elit. Morbi non feugiat mauris, quis fermentum orci. Cras in dapibus augue, sed scelerisque purus. Vivamus nec blandit urna. Phasellus faucibus lacinia libero, vitae dictum mi lacinia eu.', 6, 800, 5, 1);
INSERT INTO `offers` (`category_id`, `message`, `estimated_time`, `price`, `project_id`, `user_id`) VALUES (3, 'Lorem ipsum dolor sit amet, consectetur adipiscing elit. Morbi non feugiat mauris, quis fermentum orci. Cras in dapibus augue, sed scelerisque purus. Vivamus nec blandit urna. Phasellus faucibus lacinia libero, vitae dictum mi lacinia eu.', 12, 1100, 6, 1);
INSERT INTO `offers` (`category_id`, `message`, `estimated_time`, `price`, `project_id`, `user_id`) VALUES (1, 'Lorem ipsum dolor sit amet, consectetur adipiscing elit. Morbi non feugiat mauris, quis fermentum orci. Cras in dapibus augue, sed scelerisque purus. Vivamus nec blandit urna. Phasellus faucibus lacinia libero, vitae dictum mi lacinia eu.', 5, 1100, 7, 2);
INSERT INTO `offers` (`category_id`, `message`, `estimated_time`, `price`, `project_id`, `user_id`) VALUES (2, 'Lorem ipsum dolor sit amet, consectetur adipiscing elit. Morbi non feugiat mauris, quis fermentum orci. Cras in dapibus augue, sed scelerisque purus. Vivamus nec blandit urna. Phasellus faucibus lacinia libero, vitae dictum mi lacinia eu.', 13, 1250, 8, 3);
INSERT INTO `offers` (`category_id`, `message`, `estimated_time`, `price`, `project_id`, `user_id`) VALUES (3, 'Lorem ipsum dolor sit amet, consectetur adipiscing elit. Morbi non feugiat mauris, quis fermentum orci. Cras in dapibus augue, sed scelerisque purus. Vivamus nec blandit urna. Phasellus faucibus lacinia libero, vitae dictum mi lacinia eu.', 5, 800, 9, 4);
INSERT INTO `offers` (`category_id`, `message`, `estimated_time`, `price`, `project_id`, `user_id`) VALUES (4, 'Lorem ipsum dolor sit amet, consectetur adipiscing elit. Morbi non feugiat mauris, quis fermentum orci. Cras in dapibus augue, sed scelerisque purus. Vivamus nec blandit urna. Phasellus faucibus lacinia libero, vitae dictum mi lacinia eu.', 15, 2000, 10, 5);
INSERT INTO `offers` (`category_id`, `message`, `estimated_time`, `price`, `project_id`, `user_id`) VALUES (5, 'Lorem ipsum dolor sit amet, consectetur adipiscing elit. Morbi non feugiat mauris, quis fermentum orci. Cras in dapibus augue, sed scelerisque purus. Vivamus nec blandit urna. Phasellus faucibus lacinia libero, vitae dictum mi lacinia eu.', 11, 1200, 11, 6);
INSERT INTO `offers` (`category_id`, `message`, `estimated_time`, `price`, `project_id`, `user_id`) VALUES (6, 'Lorem ipsum dolor sit amet, consectetur adipiscing elit. Morbi non feugiat mauris, quis fermentum orci. Cras in dapibus augue, sed scelerisque purus. Vivamus nec blandit urna. Phasellus faucibus lacinia libero, vitae dictum mi lacinia eu.', 5, 550, 12, 7);
INSERT INTO `offers` (`category_id`, `message`, `estimated_time`, `price`, `project_id`, `user_id`) VALUES (7, 'Lorem ipsum dolor sit amet, consectetur adipiscing elit. Morbi non feugiat mauris, quis fermentum orci. Cras in dapibus augue, sed scelerisque purus. Vivamus nec blandit urna. Phasellus faucibus lacinia libero, vitae dictum mi lacinia eu.', 15, 3300, 13, 8);
INSERT INTO `offers` (`category_id`, `message`, `estimated_time`, `price`, `project_id`, `user_id`) VALUES (8, 'Lorem ipsum dolor sit amet, consectetur adipiscing elit. Morbi non feugiat mauris, quis fermentum orci. Cras in dapibus augue, sed scelerisque purus. Vivamus nec blandit urna. Phasellus faucibus lacinia libero, vitae dictum mi lacinia eu.', 13, 2500, 14, 9);
INSERT INTO `offers` (`category_id`, `message`, `estimated_time`, `price`, `project_id`, `user_id`) VALUES (8, 'Lorem ipsum dolor sit amet, consectetur adipiscing elit. Morbi non feugiat mauris, quis fermentum orci. Cras in dapibus augue, sed scelerisque purus. Vivamus nec blandit urna. Phasellus faucibus lacinia libero, vitae dictum mi lacinia eu.', 11, 1800, 15, 10);
INSERT INTO `offers` (`category_id`, `message`, `estimated_time`, `price`, `project_id`, `user_id`) VALUES (1, 'Lorem ipsum dolor sit amet, consectetur adipiscing elit. Morbi non feugiat mauris, quis fermentum orci. Cras in dapibus augue, sed scelerisque purus. Vivamus nec blandit urna. Phasellus faucibus lacinia libero, vitae dictum mi lacinia eu.', 15, 3400, 16, 11);
INSERT INTO `offers` (`category_id`, `message`, `estimated_time`, `price`, `project_id`, `user_id`) VALUES (2, 'Lorem ipsum dolor sit amet, consectetur adipiscing elit. Morbi non feugiat mauris, quis fermentum orci. Cras in dapibus augue, sed scelerisque purus. Vivamus nec blandit urna. Phasellus faucibus lacinia libero, vitae dictum mi lacinia eu.', 12, 2100, 17, 12);

INSERT INTO `offer_skills`(offer_id, skill_id) VALUES (1, 1);
INSERT INTO `offer_skills`(offer_id, skill_id) VALUES (1, 2);
INSERT INTO `offer_skills`(offer_id, skill_id) VALUES (1, 3);
INSERT INTO `offer_skills`(offer_id, skill_id) VALUES (2, 8);
INSERT INTO `offer_skills`(offer_id, skill_id) VALUES (2, 9);
INSERT INTO `offer_skills`(offer_id, skill_id) VALUES (2, 10);
INSERT INTO `offer_skills`(offer_id, skill_id) VALUES (3, 12);
INSERT INTO `offer_skills`(offer_id, skill_id) VALUES (3, 13);
INSERT INTO `offer_skills`(offer_id, skill_id) VALUES (3, 14);
INSERT INTO `offer_skills`(offer_id, skill_id) VALUES (4, 4);
INSERT INTO `offer_skills`(offer_id, skill_id) VALUES (4, 5);
INSERT INTO `offer_skills`(offer_id, skill_id) VALUES (4, 6);
INSERT INTO `offer_skills`(offer_id, skill_id) VALUES (5, 9);
INSERT INTO `offer_skills`(offer_id, skill_id) VALUES (5, 10);
INSERT INTO `offer_skills`(offer_id, skill_id) VALUES (5, 11);
INSERT INTO `offer_skills`(offer_id, skill_id) VALUES (6, 15);
INSERT INTO `offer_skills`(offer_id, skill_id) VALUES (6, 16);
INSERT INTO `offer_skills`(offer_id, skill_id) VALUES (6, 17);
INSERT INTO `offer_skills`(offer_id, skill_id) VALUES (7, 5);
INSERT INTO `offer_skills`(offer_id, skill_id) VALUES (7, 6);
INSERT INTO `offer_skills`(offer_id, skill_id) VALUES (7, 7);
INSERT INTO `offer_skills`(offer_id, skill_id) VALUES (8, 8);
INSERT INTO `offer_skills`(offer_id, skill_id) VALUES (8, 9);
INSERT INTO `offer_skills`(offer_id, skill_id) VALUES (8, 10);
INSERT INTO `offer_skills`(offer_id, skill_id) VALUES (9, 14);
INSERT INTO `offer_skills`(offer_id, skill_id) VALUES (9, 15);
INSERT INTO `offer_skills`(offer_id, skill_id) VALUES (9, 16);
INSERT INTO `offer_skills`(offer_id, skill_id) VALUES (10, 18);
INSERT INTO `offer_skills`(offer_id, skill_id) VALUES (10, 19);
INSERT INTO `offer_skills`(offer_id, skill_id) VALUES (10, 20);
INSERT INTO `offer_skills`(offer_id, skill_id) VALUES (11, 25);
INSERT INTO `offer_skills`(offer_id, skill_id) VALUES (11, 26);
INSERT INTO `offer_skills`(offer_id, skill_id) VALUES (11, 27);
INSERT INTO `offer_skills`(offer_id, skill_id) VALUES (12, 29);
INSERT INTO `offer_skills`(offer_id, skill_id) VALUES (12, 30);
INSERT INTO `offer_skills`(offer_id, skill_id) VALUES (13, 31);
INSERT INTO `offer_skills`(offer_id, skill_id) VALUES (13, 32);
INSERT INTO `offer_skills`(offer_id, skill_id) VALUES (14, 33);
INSERT INTO `offer_skills`(offer_id, skill_id) VALUES (14, 34);
INSERT INTO `offer_skills`(offer_id, skill_id) VALUES (14, 35);
INSERT INTO `offer_skills`(offer_id, skill_id) VALUES (15, 36);
INSERT INTO `offer_skills`(offer_id, skill_id) VALUES (15, 37);
INSERT INTO `offer_skills`(offer_id, skill_id) VALUES (15, 38);
INSERT INTO `offer_skills`(offer_id, skill_id) VALUES (16, 2);
INSERT INTO `offer_skills`(offer_id, skill_id) VALUES (16, 3);
INSERT INTO `offer_skills`(offer_id, skill_id) VALUES (16, 4);
INSERT INTO `offer_skills`(offer_id, skill_id) VALUES (17, 8);
INSERT INTO `offer_skills`(offer_id, skill_id) VALUES (17, 9);
INSERT INTO `offer_skills`(offer_id, skill_id) VALUES (17, 10);

UPDATE `projects` SET `status_id` = 3, `accepted_offer_id` = 1 WHERE `project_id` = 1;
UPDATE `projects` SET `status_id` = 2, `accepted_offer_id` = 2 WHERE `project_id` = 2;
UPDATE `projects` SET `status_id` = 2, `accepted_offer_id` = 4 WHERE `project_id` = 4;
UPDATE `projects` SET `status_id` = 3, `accepted_offer_id` = 5 WHERE `project_id` = 5;